[
  {
    "url": "https://ninebot.1dragon.de/",
    "status": 200
  },
  {
    "url": "https://allesescooter.de/cdn/shop/files/AllesEscooter.png",
    "status": 200
  },
  {
    "url": "https://ws-nb.1dragon.de/",
    "status": 101
  },
  {
    "url": "https://www.youtube.com/embed/YOUR_VIDEO_ID_HERE",
    "status": 200
  },
  {
    "url": "https://www.youtube.com/s/player/612f74a3/www-player.css",
    "status": 200
  },
  {
    "url": "https://www.youtube.com/s/player/612f74a3/player_ias.vflset/en_US/embed.js",
    "status": 200
  },
  {
    "url": "https://www.youtube.com/s/player/612f74a3/www-embed-player.vflset/www-embed-player.js",
    "status": 200
  },
  {
    "url": "https://www.youtube.com/s/player/612f74a3/player_ias.vflset/en_US/base.js",
    "status": 200
  },
  {
    "url": "https://fonts.gstatic.com/s/roboto/v18/KFOmCnqEu92Fr1Mu4mxK.woff2",
    "status": 200
  },
  {
    "url": "https://fonts.gstatic.com/s/roboto/v18/KFOlCnqEu92Fr1MmEU9fBBc4.woff2",
    "status": 200
  },
  {
    "url": "https://www.youtube.com/s/player/612f74a3/player_ias.vflset/en_US/remote.js",
    "status": 200
  },
  {
    "url": "https://googleads.g.doubleclick.net/pagead/id",
    "status": 302
  },
  {
    "url": "https://static.doubleclick.net/instream/ad_status.js",
    "status": 200
  },
  {
    "url": "https://googleads.g.doubleclick.net/pagead/id?slf_rd=1",
    "status": 200
  },
  {
    "url": "https://jnn-pa.googleapis.com/$rpc/google.internal.waa.v1.Waa/Create",
    "status": 200
  },
  {
    "url": "https://jnn-pa.googleapis.com/$rpc/google.internal.waa.v1.Waa/Create",
    "status": 200
  },
  {
    "url": "https://jnn-pa.googleapis.com/$rpc/google.internal.waa.v1.Waa/GenerateIT",
    "status": 200
  },
  {
    "url": "https://jnn-pa.googleapis.com/$rpc/google.internal.waa.v1.Waa/GenerateIT",
    "status": 200
  },
  {
    "url": "https://play.google.com/log?hasfast=true&authuser=0&format=json",
    "status": 200
  },
  {
    "url": "https://play.google.com/log?hasfast=true&authuser=0&format=json",
    "status": 200
  },
  {
    "url": "https://play.google.com/log?hasfast=true&authuser=0&format=json",
    "status": 200
  },
  {
    "url": "https://www.youtube.com/youtubei/v1/log_event?alt=json",
    "status": 200
  }
]