[
  {
    "url": "https://allesescooter.de/",
    "status": 200
  },
  {
    "url": "https://allesescooter.de/cdn/shopifycloud/shopify/assets/storefront/load_feature-c354cc1bc6f1fafc3e06e39f4fb0e1d9abdf763072ca394d606ca9f6f241e68a.js",
    "status": 200
  },
  {
    "url": "https://allesescooter.de/cdn/shop/t/1/compiled_assets/scripts.js?88",
    "status": 200
  },
  {
    "url": "https://allesescooter.de/cdn/shopifycloud/shopify/assets/shopify_pay/storefront-80e528be853eac23af2454534897ca9536b1d3d04aa043b042f34879a3c111c8.js?v=20220906",
    "status": 200
  },
  {
    "url": "https://allesescooter.de/cdn/shopifycloud/portable-wallets/latest/accelerated-checkout-backwards-compat.css",
    "status": 200
  },
  {
    "url": "https://allesescooter.de/cdn/shop/t/1/assets/global.js?v=135116476141006970691647012860",
    "status": 200
  },
  {
    "url": "https://allesescooter.de/checkouts/internal/preloads.js?locale=de-DE",
    "status": 200
  },
  {
    "url": "https://allesescooter.de/cdn/shop/t/1/assets/base.css?v=144997082486365258741647012877",
    "status": 200
  },
  {
    "url": "https://allesescooter.de/cdn/fonts/assistant/assistant_n4.bcd3d09dcb631dec5544b8fb7b154ff234a44630.woff2?h1=YWxsZXNlc2Nvb3Rlci5kZQ&h2=YWxsZXNlc2Nvb3Rlci5hY2NvdW50Lm15c2hvcGlmeS5jb20&hmac=ac27d9afa45ae252fccfa5ab9595dd7e64a37a88c7273190bdfe9e2159bf9ad7",
    "status": 200
  },
  {
    "url": "https://allesescooter.de/cdn/shopifycloud/perf-kit/shopify-perf-kit-1.6.5.min.js",
    "status": 200
  },
  {
    "url": "https://allesescooter.de/cdn/shop/t/1/assets/component-card.css?v=127413053002844137811647012873",
    "status": 200
  },
  {
    "url": "https://allesescooter.de/cdn/shop/t/1/assets/component-rating.css?v=24573085263941240431647012870",
    "status": 200
  },
  {
    "url": "https://allesescooter.de/cdn/shop/t/1/assets/section-multicolumn.css?v=167672198481179435391647012846",
    "status": 200
  },
  {
    "url": "https://allesescooter.de/cdn/shop/t/1/assets/section-footer.css?v=83777583229853969691647012879",
    "status": 200
  },
  {
    "url": "https://allesescooter.de/cdn/shop/t/1/assets/details-disclosure.js?v=93827620636443844781647012873",
    "status": 200
  },
  {
    "url": "https://allesescooter.de/cdn/shop/t/1/assets/details-modal.js?v=4511761896672669691647012872",
    "status": 200
  },
  {
    "url": "https://allesescooter.de/cdn/shop/t/1/assets/cart-notification.js?v=110464945634282900951647012851",
    "status": 200
  },
  {
    "url": "https://allesescooter.de/cdn/shop/t/1/assets/predictive-search.js?v=31278710863581584031647012862",
    "status": 200
  },
  {
    "url": "https://code.tidio.co/hb6dvxbnennz9ddiy7yvruow8oxb28on.js?extensionVersion=1.3.0",
    "status": 302
  },
  {
    "url": "https://shop.app/checkouts/internal/preloads.js?locale=de-DE&shop_id=63305056503",
    "status": 200
  },
  {
    "url": "https://allesescooter.de/cdn/wpm/b83c237c5w56cbb301p60d5b9a9mb30cb21em.js",
    "status": 200
  },
  {
    "url": "https://allesescooter.de/cdn/s/trekkie.storefront.9a0efb0bbe09f2f35ce5c61e4c28c122919587f7.min.js",
    "status": 200
  },
  {
    "url": "https://allesescooter.de/cdn/shopifycloud/shopify/assets/shop_events_listener-f55dd2979ec32029c7d9e0b454ab8b33f79c01ca039d17a6f5c9b95647564b19.js",
    "status": 200
  },
  {
    "url": "https://allesescooter.de/cdn/shop/t/1/assets/component-price.css?v=112673864592427438181647012852",
    "status": 200
  },
  {
    "url": "https://allesescooter.de/cdn/shop/t/1/assets/component-predictive-search.css?v=165644661289088488651647012855",
    "status": 200
  },
  {
    "url": "https://allesescooter.de/cdn/shop/files/AllesEscooter_130x.png?v=1729857919",
    "status": 200
  },
  {
    "url": "https://allesescooter.de/cdn/shop/files/Cover_82aab1ee-093a-483f-b95e-f381c2a541cc.png?v=1749126884&width=360",
    "status": 200
  },
  {
    "url": "https://allesescooter.de/cdn/shop/files/Cover_f37bf8b2-3cd9-4997-9310-3d4faaa682ae.png?v=1749138633&width=360",
    "status": 200
  },
  {
    "url": "https://allesescooter.de/cdn/shop/products/hqdefault_3d55dbb2-dad4-4de6-87ab-0ec95b373cd4.jpg?v=1647023448&width=533",
    "status": 200
  },
  {
    "url": "https://allesescooter.de/cdn/shop/products/WhatsAppImage2021-10-19at10.47.24_2.jpg?v=1749138633&width=360",
    "status": 200
  },
  {
    "url": "https://allesescooter.de/cdn/shop/files/BareChipC.png?v=1717315446&width=360",
    "status": 200
  },
  {
    "url": "https://allesescooter.de/cdn/shop/files/Cover_afc13a6f-882f-43d9-a1d6-217ca96283cb.png?v=1729852785&width=360",
    "status": 200
  },
  {
    "url": "https://allesescooter.de/cdn/shop/files/chipLayingOnBack_9c547844-1fb7-4830-98b1-0bfd3fbf88a0.png?v=1724367335&width=360",
    "status": 200
  },
  {
    "url": "https://allesescooter.de/cdn/shop/products/hqdefault_61659928-cea6-4ef3-b535-506389c74b2c.jpg?v=1647024458&width=533",
    "status": 200
  },
  {
    "url": "https://allesescooter.de/cdn/shop/files/Cover_e6b1db79-8d95-4ef5-a778-3b1b5e3f77d2.png?v=1749137476&width=360",
    "status": 200
  },
  {
    "url": "https://allesescooter.de/cdn/shop/files/ConnectorView.jpg?v=1749137476&width=360",
    "status": 200
  },
  {
    "url": "https://allesescooter.de/cdn/shop/products/0.png?v=1647082028&width=360",
    "status": 200
  },
  {
    "url": "https://allesescooter.de/cdn/shop/files/Cover_1be44676-b563-4c46-900b-e1c6b6950cf8.png?v=1747454521&width=360",
    "status": 200
  },
  {
    "url": "https://allesescooter.de/cdn/shop/products/Technostar30.png?v=1647024461&width=360",
    "status": 200
  },
  {
    "url": "https://allesescooter.de/cdn/shop/files/Cover.png?v=1717315446&width=360",
    "status": 200
  },
  {
    "url": "https://allesescooter.de/cdn/shop/products/2.png?v=1647082028&width=360",
    "status": 200
  },
  {
    "url": "https://code.tidio.co/widget-v4/hb6dvxbnennz9ddiy7yvruow8oxb28on.js",
    "status": 302
  },
  {
    "url": "https://shop.app/pay/session?v=1",
    "status": 200
  },
  {
    "url": "https://allesescooter.de/wpm@83c237c5w56cbb301p60d5b9a9mb30cb21e/app/web-pixel-900661515@26a08df6fb732969dd50810ae4fdc2c1/pixel.modern.js",
    "status": 200
  },
  {
    "url": "https://code.tidio.co/widget-v4/1_340_0/static/js/render.084a8352aaeea1cd7f49.js",
    "status": 200
  },
  {
    "url": "https://allesescooter.de/cdn/shop/t/1/assets/component-cart-items.css?v=35224266443739369591647012878",
    "status": 200
  },
  {
    "url": "https://allesescooter.de/cdn/shop/t/1/assets/component-loading-overlay.css?v=167310470843593579841647012883",
    "status": 200
  },
  {
    "url": "https://allesescooter.de/cdn/shop/t/1/assets/component-search.css?v=96455689198851321781647012848",
    "status": 200
  },
  {
    "url": "https://allesescooter.de/cdn/shop/t/1/assets/component-list-social.css?v=52211663153726659061647012848",
    "status": 200
  },
  {
    "url": "https://allesescooter.de/cdn/shop/t/1/assets/component-cart-notification.css?v=107019900565326663291647012846",
    "status": 200
  },
  {
    "url": "https://allesescooter.de/cdn/shop/t/1/assets/disclosure.css?v=646595190999601341647012857",
    "status": 200
  },
  {
    "url": "https://allesescooter.de/cdn/shop/t/1/assets/component-list-menu.css?v=129267058877082496571647012864",
    "status": 200
  },
  {
    "url": "https://allesescooter.de/cdn/shop/t/1/assets/component-rte.css?v=69919436638515329781647012875",
    "status": 200
  },
  {
    "url": "https://allesescooter.de/cdn/shop/t/1/assets/section-rich-text.css?v=134879675850203994041647012866",
    "status": 200
  },
  {
    "url": "https://allesescooter.de/cdn/shop/t/1/assets/component-slider.css?v=149129116954312731941647012854",
    "status": 200
  },
  {
    "url": "https://allesescooter.de/cdn/shop/t/1/assets/component-newsletter.css?v=103472482056003053551647012875",
    "status": 200
  },
  {
    "url": "https://allesescooter.de/cdn/shop/t/1/assets/template-collection.css?v=73647890433440828411647012874",
    "status": 200
  },
  {
    "url": "https://allesescooter.de/cdn/shop/t/1/assets/component-menu-drawer.css?v=126731818748055994231647012852",
    "status": 200
  },
  {
    "url": "https://monorail-edge.shopifysvc.com/unstable/produce_batch",
    "status": 200
  },
  {
    "url": "https://allesescooter.de/cdn/shop/t/1/assets/component-list-payment.css?v=69253961410771838501647012858",
    "status": 200
  },
  {
    "url": "https://czokindustries.com/get/shopImages/allesEscooter/scooters.jpg",
    "status": 200
  },
  {
    "url": "https://allesescooter.de/.well-known/shopify/monorail/unstable/produce_batch",
    "status": 200
  },
  {
    "url": "https://allesescooter.de/.well-known/shopify/monorail/unstable/produce_batch",
    "status": 200
  },
  {
    "url": "https://allesescooter.de/.well-known/shopify/monorail/unstable/produce_batch",
    "status": 200
  },
  {
    "url": "https://czokindustries.com/get/shopWizzard/allesEscooterWizzard.json",
    "status": 200
  },
  {
    "url": "http://czokindustries.com/get/shopWizzard/scooterBrandImages/ninebot.png",
    "status": 307
  },
  {
    "url": "http://czokindustries.com/get/shopWizzard/scooterBrandImages/xiaomi.png",
    "status": 307
  },
  {
    "url": "http://czokindustries.com/get/shopWizzard/scooterBrandImages/sxt.png",
    "status": 307
  },
  {
    "url": "http://czokindustries.com/get/shopWizzard/scooterBrandImages/DocGreen.png",
    "status": 307
  },
  {
    "url": "http://czokindustries.com/get/shopWizzard/scooterBrandImages/Technostar.png",
    "status": 307
  },
  {
    "url": "http://czokindustries.com/get/shopWizzard/scooterBrandImages/iconbit.png",
    "status": 307
  },
  {
    "url": "https://code.tidio.co/widget-v4/1_340_0/static/js/chunk-WidgetIframe-084a8352aaeea1cd7f49.js",
    "status": 200
  },
  {
    "url": "https://allesescooter.de/.well-known/shopify/monorail/unstable/produce_batch",
    "status": 200
  },
  {
    "url": "https://czokindustries.com/get/shopWizzard/scooterBrandImages/sxt.png",
    "status": 200
  },
  {
    "url": "https://code.tidio.co/widget-v4/fonts/mulish_SGhgqk3wotYKNnBQ.woff2",
    "status": 200
  },
  {
    "url": "https://czokindustries.com/get/shopWizzard/scooterBrandImages/xiaomi.png",
    "status": 200
  },
  {
    "url": "https://code.tidio.co/widget-v4/1_340_0/static/js/widget.084a8352aaeea1cd7f49.js",
    "status": 200
  },
  {
    "url": "https://czokindustries.com/get/shopWizzard/scooterBrandImages/DocGreen.png",
    "status": 200
  },
  {
    "url": "https://czokindustries.com/get/shopWizzard/scooterBrandImages/Technostar.png",
    "status": 200
  },
  {
    "url": "https://czokindustries.com/get/shopWizzard/scooterBrandImages/iconbit.png",
    "status": 200
  },
  {
    "url": "https://czokindustries.com/get/shopWizzard/scooterBrandImages/ninebot.png",
    "status": 200
  },
  {
    "url": "https://code.tidio.co/widget-v4//tururu.mp3",
    "status": 206
  },
  {
    "url": "https://code.tidio.co/widget-v4//notification-sound.mp3",
    "status": 206
  },
  {
    "url": "https://intg.snapchat.com/shopify/shopify-scevent-init.js?id=3db17a1c-8e14-44c9-b114-f1ed8df565b6&shop=allesescooter.myshopify.com",
    "status": 200
  },
  {
    "url": "https://widgets.automizely.com/loyalty/v1/main.js?connection_id=ac099590a9e64318a19fcc3fb7a69925&mapped_org_id=6981fb917084fd15433890dc1696b923_v1&shop=allesescooter.myshopify.com",
    "status": 200
  },
  {
    "url": "https://cookie.avada.io/scripttag/avada-cookies-bar.min.js?shop=allesescooter.myshopify.com",
    "status": 200
  },
  {
    "url": "https://sc-static.net/js-sha256-v1.min.js",
    "status": 200
  },
  {
    "url": "https://code.jquery.com/jquery-1.11.0.js",
    "status": 200
  },
  {
    "url": "https://sc-static.net/scevent.min.js",
    "status": 200
  },
  {
    "url": "https://widgets.automizely.com/loyalty/v1/e15cb73c590e6040a585.js",
    "status": 200
  },
  {
    "url": "https://widgets.automizely.com/loyalty/v1/73dfd4b283cae078b4c4.js",
    "status": 200
  },
  {
    "url": "https://tr.snapchat.com/scs/shopify",
    "status": 200
  },
  {
    "url": "https://tr.snapchat.com/cm/i?pid=3db17a1c-8e14-44c9-b114-f1ed8df565b6&u_scsid=8ea2f72b-c324-4aeb-ac0a-4257adaa854c&u_sclid=72bbe005-1c52-405e-b02a-2142af59c6ea",
    "status": 200
  },
  {
    "url": "https://tr.snapchat.com/config/de/3db17a1c-8e14-44c9-b114-f1ed8df565b6.js?v=3.46.5-2506061923",
    "status": 200
  },
  {
    "url": "https://api.automizely.com/loyalty/public/graphql",
    "status": 200
  },
  {
    "url": "https://api.automizely.com/loyalty/public/graphql",
    "status": 200
  },
  {
    "url": "https://api.automizely.com/loyalty/public/graphql",
    "status": 200
  },
  {
    "url": "https://api.automizely.com/loyalty/public/graphql",
    "status": 200
  },
  {
    "url": "https://api.automizely.com/loyalty/public/graphql",
    "status": 200
  },
  {
    "url": "https://api.automizely.com/loyalty/public/graphql",
    "status": 200
  }
]